name,region,chrom,"gRNA (41 nt, in A C G T)",38 bp (4 bp + PAM + 20 bp protospacer + 10 bp),sequence,accessibility_raw,accessibility,efficiency,Z-avg
seq1,A-content EMX1 gene 0,chr2,TAATTTCTACTCTTGTAGATTCTTCTCTCTGGGTCTGGGCC,tggctttgtcttctctctgggtctgggcctcagtttct,tggctttgtcttctctctgggtctgggcctcagt,0.098534398,0.093976926,2.333333333,3.966666667
seq2,1,chr2,TAATTTCTACTCTTGTAGATTTGGAGTTCGTTTTCTTCCTT,tgcatttgttggagttcgttttcttccttgaaatttgt,tgcatttgttggagttcgttttcttccttgaaat,0.084623632,0.081233044,0.1,0.166666667
seq3,2,chr2,TAATTTCTACTCTTGTAGATTTAGTTCATTTTTCCCTTTGT,cttgtttgttagttcatttttccctttgttcttgcatg,cttgtttgttagttcatttttccctttgttcttg,0.069263908,0.066970475,0.233333333,0.233333333
seq4,3,chr2,TAATTTCTACTCTTGTAGATTCATCTATTTTACCTTCTGTG,tatctttgtcatctattttaccttctgtgtttccacca,tatctttgtcatctattttaccttctgtgtttcc,0.044630305,0.043663047,0.033333333,0.9
seq5,4,chr2,TAATTTCTACTCTTGTAGATTGTATACGATCAGTTGTGGGG,agtatttgtgtatacgatcagttgtgggggatggtggt,agtatttgtgtatacgatcagttgtgggggatgg,0.124906763,0.117700155,0.033333333,0.033333333
seq6,5,chr2,TAATTTCTACTCTTGTAGATTACAGGCATCACTTTAGTTTC,ttgatttgtacaggcatcactttagtttccagttttat,ttgatttgtacaggcatcactttagtttccagtt,0.10722887,0.101860381,0.1,0.066666667
seq7,6,chr2,TAATTTCTACTCTTGTAGATCAGATCCAGGCAAGTATCTTG,agagtttgcagatccaggcaagtatcttgttcagaaaa,agagtttgcagatccaggcaagtatcttgttcag,0.105199951,0.10002627,4.033333333,6.5
seq8,7,chr2,TAATTTCTACTCTTGTAGATACAATTATAAGATCTCTGTTT,aggatttgacaattataagatctctgttttcccttcac,aggatttgacaattataagatctctgttttccct,0.00985344,0.009805212,0.066666667,14.6
seq9,8,chr2,TAATTTCTACTCTTGTAGATAAGACAGGACACGTATTCACC,aatctttgaagacaggacacgtattcacctgaaagtgt,aatctttgaagacaggacacgtattcacctgaaa,0.07448041,0.071837205,0.033333333,81.4
seq10,9,chr2,TAATTTCTACTCTTGTAGATGAAATAAGGTGTCCTAATGAA,caaatttggaaataaggtgtcctaatgaacatttcaga,caaatttggaaataaggtgtcctaatgaacattt,0.037674946,0.036982581,0.033333333,61.76666667
seq11,10,chr2,TAATTTCTACTCTTGTAGATAGCAAAGCAAATGTACAGGAC,tgtttttgagcaaagcaaatgtacaggacatgcacaga,tgtttttgagcaaagcaaatgtacaggacatgca,0.08462365,0.081233061,0.033333333,88.36666667
seq12,11,chr2,TAATTTCTACTCTTGTAGATTAAGGCAAGGAGACATAAAGA,actctttgtaaggcaaggagacataaagatgaagtcag,actctttgtaaggcaaggagacataaagatgaag,0.088536082,0.084833749,0,57.8
seq13,12,chr2,TAATTTCTACTCTTGTAGATGAAGAATAACTATATAGAACA,agcctttggaagaataactatatagaacacttccagag,agcctttggaagaataactatatagaacacttcc,0.015939423,0.015813725,0,92.36666667
seq14,PAM proximal region 1,chr19,TAATTTCTACTCTTGTAGATATCTATAAAAAGGGGGTGGGG,ggtgtttcatctataaaaagggggtggggctgcctgct,ggtgtttcatctataaaaagggggtggggctgcc,0.05129584,0.050023537,5.833333333,30.06666667
seq15,PAM proximal region 2,chr19,TAATTTCTACTCTTGTAGATTAAGAATCAGCGTGTGGTTGG,gttttttctaagaatcagcgtgtggttggaattacagc,gttttttctaagaatcagcgtgtggttggaatta,0.046803849,0.045741568,3.5,86.26666667
seq16,PAM proximal region 3,chr19,TAATTTCTACTCTTGTAGATAAAGACAGTTTTGCTCTGGGT,ttggtttaaaagacagttttgctctgggtaactgcgca,ttggtttaaaagacagttttgctctgggtaactg,0.157655001,0.146396408,7.833333333,91.33333333
seq17,PAM proximal region 4,chr19,TAATTTCTACTCTTGTAGATTTAAAAAGACTGTTTTGGCTG,ttggtttgttaaaaagactgttttggctgggcacggtg,ttggtttgttaaaaagactgttttggctgggcac,0.00985344,0.009805212,0.566666667,38.53333333
seq18,PAM proximal region 5,chr19,TAATTTCTACTCTTGTAGATTAAGAATAATACTGTGCTTCT,ATGGTTTATAAGAATAATACTGTGCTTCTGTAAAGTGT,ATGGTTTATAAGAATAATACTGTGCTTCTGTAAA,0.058830842,0.057165321,33.53333333,96.66666667
seq19,PAM proximal region 6,chr2,TAATTTCTACTCTTGTAGATCAGTAAGCAAACTGGCTTCCG,aaggtttgcagtaagcaaactggcttccgccgttGCTC,aaggtttgcagtaagcaaactggcttccgccgtt,0.581353009,0.458280815,35.83333333,95.3
seq20,PAM proximal region 7,chr2,TAATTTCTACTCTTGTAGATCCATAAATAAATGCTGCCTGG,agactttgccataaataaatgctgcctgggatcaCTGC,agactttgccataaataaatgctgcctgggatca,0.068249522,0.066021348,4.533333333,86.26666667
seq21,PAM distal region 1,chr2,TAATTTCTACTCTTGTAGATCTGCTGTTCCTGGGCAAAACT,tggctttgctgctgttcctgggcaaaactggcggGGCC,tggctttgctgctgttcctgggcaaaactggcgg,0.139686942,0.130753613,0.1,0.833333333
seq22,PAM distal region 2,chr19,TAATTTCTACTCTTGTAGATTTTTGTTTTTTAATAAGATGA,tctgtttgttttgttttttAATAAGATGACTGAGggcc,tctgtttgttttgttttttAATAAGATGACTGAG,0.039413799,0.038656899,0.166666667,0.966666667
seq23,PAM distal region 3,chr19,TAATTTCTACTCTTGTAGATTGCTTTGTTGTGAAACTGAAT,TGCCTTTGTGCTTTGTTGTGAAACTGAATTGCTAACAT,TGCCTTTGTGCTTTGTTGTGAAACTGAATTGCTA,0.054628611,0.053188677,0.333333333,2
seq24,PAM distal region 4,chr19,TAATTTCTACTCTTGTAGATTCTGCTTTTTGTATTAAACCA,TCCCTTTGTCTGCTTTTTGTATTAAACCACTGGCATCT,TCCCTTTGTCTGCTTTTTGTATTAAACCACTGGC,0.089840282,0.086031155,0.2,0.666666667
seq25,PAM distal region 5,chr19,TAATTTCTACTCTTGTAGATTCCGTTCTGGGGGAAAAAAAA,TTTTTTTCTCCGTTCTGGGGGaaaaaaaaaaaTCACAA,TTTTTTTCTCCGTTCTGGGGGaaaaaaaaaaaTC,0.057816506,0.056206884,96.03,95.48
seq26,PAM distal region 6,chr2,TAATTTCTACTCTTGTAGATCTGTTCCTCTCAAACAAAGGG,tggttttcctgttcctctcaaacaaagggtcacaGAGC,tggttttcctgttcctctcaaacaaagggtcaca,0.16968168,0.156731644,5.966666667,37.63333333
seq27,PAM distal region 7,chr2,TAATTTCTACTCTTGTAGATTCTTCCTTGCACCCAAACAGG,taggtttctcttccttgcacccaaacagggcagaCTCA,taggtttctcttccttgcacccaaacagggcaga,0.099403758,0.094767995,0.8,1.9
seq28,A1,chr2,TAATTTCTACTCTTGTAGATAAAAAGGATTTCCATCTATTA,TTCATTTAAAAAAGGATTTCCATCTATTACTATCAATT,TTCATTTAAAAAAGGATTTCCATCTATTACTATC,0.010577964,0.010522409,1.366666667,94.8
seq29,A2,chr1,TAATTTCTACTCTTGTAGATAAAACTACAACAAACTTACTT,ATGATTTAAAAACTACAACAAACTTACTTGGGCCCTGC,ATGATTTAAAAACTACAACAAACTTACTTGGGCC,0.086652318,0.083101702,0.666666667,46.5
seq30,A3,chr11,TAATTTCTACTCTTGTAGATCAATCAAATCTTCAAGCTTTA,GTCTTTTACAATCAAATCTTCAAGCTTTACCCCACCAT,GTCTTTTACAATCAAATCTTCAAGCTTTACCCCA,0.084623693,0.0812331,75.96666667,96.33333333
seq31,A4,chr1,TAATTTCTACTCTTGTAGATTTAACAGATACGATAAAGACT,CCATTTTATTAACAGATACGATAAAGACTTTATAGTTT,CCATTTTATTAACAGATACGATAAAGACTTTATA,0.019706899,0.019515232,27.96666667,80.23333333
seq32,A5,chr1,TAATTTCTACTCTTGTAGATTAAGAAGTATCCAAACGTGTT,TGGGTTTATAAGAAGTATCCAAACGTGTTTAAGAAGAT,TGGGTTTATAAGAAGTATCCAAACGTGTTTAAGA,0.101432469,0.096611577,16.8,96.96666667
seq33,A6,chr2,TAATTTCTACTCTTGTAGATAATGAAATTACTTACAGGCCA,CTTTTTTAAATGAAATTACTTACAGGCCAAGGCGGTGG,CTTTTTTAAATGAAATTACTTACAGGCCAAGGCG,0.014925087,0.014814804,46.8,97.93333333
seq34,C1,chr1,TAATTTCTACTCTTGTAGATAAAGTTTCCAAACGACCCCAG,GTGCTTTCAAAGTTTCCAAACGACCCCAGGCTGCAGCA,GTGCTTTCAAAGTTTCCAAACGACCCCAGGCTGC,0.061149314,0.059352579,0.6,4.933333333
seq35,C2,chr4,TAATTTCTACTCTTGTAGATGAAAACCTAAAGAAGAGATAA,TATTTTTCGAAAACCTAAAGAAGAGATAAAAAAGTAGA,TATTTTTCGAAAACCTAAAGAAGAGATAAAAAAG,0.038254534,0.037540971,3.933333333,11.76666667
seq36,C3,chr10,TAATTTCTACTCTTGTAGATAACCTGAATCCTACAAGGATT,ACATTTTCAACCTGAATCCTACAAGGATTCTCATCAAT,ACATTTTCAACCTGAATCCTACAAGGATTCTCAT,0.094767001,0.090541556,8.4,11.4
seq37,C4,chr2,TAATTTCTACTCTTGTAGATAAGGTATGCTAGTTTATATTT,TTCATTTCAAGGTATGCTAGTTTATATTTTTGCTGTGC,TTCATTTCAAGGTATGCTAGTTTATATTTTTGCT,0.04636914,0.04532621,26.43333333,96.76666667
seq38,C5,chrX,TAATTTCTACTCTTGTAGATCTTATAAAATTGATGATATTC,CAACTTTCCTTATAAAATTGATGATATTCTGAGTGCTC,CAACTTTCCTTATAAAATTGATGATATTCTGAGT,0.175623171,0.161798366,8.5,73.03333333
seq39,C6,chr11,TAATTTCTACTCTTGTAGATCCAAGTTTTGAAACTTCTCCT,TCCTTTTCCCAAGTTTTGAAACTTCTCCTGGTTTGTCA,TCCTTTTCCCAAGTTTTGAAACTTCTCCTGGTTT,0.044050693,0.043108045,0.433333333,1.033333333
seq40,G1,chr3,TAATTTCTACTCTTGTAGATAATCACATTATGGGATTGCTA,AATATTTGAATCACATTATGGGATTGCTAGACAGACTT,AATATTTGAATCACATTATGGGATTGCTAGACAG,0.05622254,0.054698902,0.5,67.83333333
seq41,G2,chr3,TAATTTCTACTCTTGTAGATTACAACGGCTCAAAGAACTGC,TCAATTTGTACAACGGCTCAAAGAACTGCAGGGCTCTG,TCAATTTGTACAACGGCTCAAAGAACTGCAGGGC,0.111285896,0.105517809,0.133333333,14.06666667
seq42,G3,chr10,TAATTTCTACTCTTGTAGATTGCCAGTGTGGACAACTGCCG,GGGGTTTGTGCCAGTGTGGACAACTGCCGATTATTTGT,GGGGTTTGTGCCAGTGTGGACAACTGCCGATTAT,0.080856185,0.077753491,1.633333333,21.53333333
seq43,G4,chr1,TAATTTCTACTCTTGTAGATACTCGTATGAAGTCACCATTC,GGAGTTTGACTCGTATGAAGTCACCATTCCTGAGAAGC,GGAGTTTGACTCGTATGAAGTCACCATTCCTGAG,0.146642558,0.136838157,11.9,65.1
seq44,G5,chr12,TAATTTCTACTCTTGTAGATGAAATGCCAATTCGGTCTCGG,CTGATTTGGAAATGCCAATTCGGTCTCGGTCACAACTG,CTGATTTGGAAATGCCAATTCGGTCTCGGTCACA,0.032313457,0.031802358,6,77.73333333
seq45,G6,chrX,TAATTTCTACTCTTGTAGATCACCACCGGAGGCAGGCCCTG,ACAATTTGCACCACCGGAGGCAGGCCCTGGCCCCTCAG,ACAATTTGCACCACCGGAGGCAGGCCCTGGCCCC,0.110851351,0.105126704,7.066666667,50.2
seq46,T1,chr1,TAATTTCTACTCTTGTAGATAATAGGTAAGTACATCTTTTG,TGCTTTTTAATAGGTAAGTACATCTTTTGAAACTATAA,TGCTTTTTAATAGGTAAGTACATCTTTTGAAACT,0.017533344,0.017381408,0.7,10.13333333
seq47,T2,chr8,TAATTTCTACTCTTGTAGATATCACTCCTGGTATATAGAAA,TTTGTTTTATCACTCCTGGTATATAGAAAAATTAATGA,TTTGTTTTATCACTCCTGGTATATAGAAAAATTA,0.00695537,0.006931293,0.033333333,0.866666667
seq48,T3,chr1,TAATTTCTACTCTTGTAGATTAATAGGTAAGTACATCTTTT,TTGCTTTTTAATAGGTAAGTACATCTTTTGAAACTATA,TTGCTTTTTAATAGGTAAGTACATCTTTTGAAAC,0.017098632,0.016954096,0.2,0.933333333
seq49,T4,chr17,TAATTTCTACTCTTGTAGATTCCTATAGGTGGGCACCAATC,GTGGTTTTTCCTATAGGTGGGCACCAATCTTACTGACA,GTGGTTTTTCCTATAGGTGGGCACCAATCTTACT,0.14374447,0.134307503,1.9,17.86666667
seq50,T5,chr11,TAATTTCTACTCTTGTAGATATGGGTGAGTCACCAAATGGT,CACATTTTATGGGTGAGTCACCAAATGGTTTGTATTCT,CACATTTTATGGGTGAGTCACCAAATGGTTTGTA,0.033037988,0.032503964,0.866666667,1.7
seq51,T6,chr7,TAATTTCTACTCTTGTAGATGGATTACTTACTCAAGTTGGT,ATATTTTTGGATTACTTACTCAAGTTGGTCATAATTAA,ATATTTTTGGATTACTTACTCAAGTTGGTCATAA,0.053324481,0.051951335,4.7,17.33333333
seq52,Matched site 2,chr8,TAATTTCTACTCTTGTAGATGGCAAATAGGAATGGCAAGAG,TATCTTTGGGCAAATAGGAATGGCAAGAGGGATGCATT,TATCTTTGGGCAAATAGGAATGGCAAGAGGGATG,0.076219256,0.07345421,23.46666667,90.93333333
seq53,Matched site 3,chr11,TAATTTCTACTCTTGTAGATGAGCTGCTTAAGCATTTCAA,AGGATTTGGAGCTGCTTAAGCATTTCAAGGGAAGAAAC,AGGATTTGGAGCTGCTTAAGCATTTCAAGGGAAG,0.021880443,0.021644502,50.1,90.86666667
seq54,Matched site 9,chr3,TAATTTCTACTCTTGTAGATGGCATGAATTATAATGCTGTT,tttctttaggcatgaattataatgctgttggctggagc,tttctttaggcatgaattataatgctgttggctg,0.037964741,0.037261816,0.066666667,93.96666667
seq55,Matched site 15,chr4,TAATTTCTACTCTTGTAGATGAATCTCAAAAATAAAAGACA,aagctttagaatctcaaaaataaaagacaggctccctt,aagctttagaatctcaaaaataaaagacaggctc,0.045065013,0.044079097,0.2,95
seq56,Matched site 20,chr19,TAATTTCTACTCTTGTAGATGAGAAAATATGGGTTGAGGTG,ACTATTTGGAGAAAATATGGGTTGAGGTGGGGAGGGAT,ACTATTTGGAGAAAATATGGGTTGAGGTGGGGAG,0.053034675,0.051676163,0.366666667,80.26666667
seq57,HDR_Indel-GAPDH,chr12,TAATTTCTACTCTTGTAGATTTGATGGTACATGACAAG,GTACTTTATTGATGGTACATGACAAGGTGCGGCTCCCT,GTACTTTATTGATGGTACATGACAAGGTGCGGCT,0.1330215,0.124887958,7.733333333,30.6
seq58,ACTB,chr7,TAATTTCTACTCTTGTAGATATAGTCATTCCAAATATG,TTTTTTTAATAGTCATTCCAAATATGAGATGCGTTGTT,TTTTTTTAATAGTCATTCCAAATATGAGATGCGT,0.0295603,0.029131817,10.56666667,15
seq59,HPRT1,chrX,TAATTTCTACTCTTGTAGATAAAGGGAACTGCTGACAA,TGCATTTAAAAGGGAACTGCTGACAAAGATTCACTGGT,TGCATTTAAAAGGGAACTGCTGACAAAGATTCAC,0.043760878,0.04283042,0.133333333,16.66666667
seq60,LMNB1,chr5,TAATTTCTACTCTTGTAGATTAATAAGCAATCAAGGTT,TTTTTTTGTAATAAGCAATCAAGGTTATAATTTTTTTT,TTTTTTTGTAATAAGCAATCAAGGTTATAATTTT,0.030719524,0.030257125,40.36666667,74.1
seq61,UBC,chr12,TAATTTCTACTCTTGTAGATAATAAAGTTGTTGCATTC,TTCCTTTCAATAAAGTTGTTGCATTCCCAATTGGTGTT,TTCCTTTCAATAAAGTTGTTGCATTCCCAATTGG,0.074480412,0.071837207,9.2,66
seq62,B2M,chr15,TAATTTCTACTCTTGTAGATGAAATATAATTGACAGGA,AAAATTTAGAAATATAATTGACAGGATTATTGGAAATT,AAAATTTAGAAATATAATTGACAGGATTATTGGA,0.001449035,0.001447987,8.9,89.06666667
seq63,A-content RNF2 gene 0,chr1,TAATTTCTACTCTTGTAGATGCTGCCCTTTCCTCTGCGCGG,AGCCTTTCGCTGCCCTTTCCTCTGCGCGGAGGCCGGCG,AGCCTTTCGCTGCCCTTTCCTCTGCGCGGAGGCC,1.185309445,0.781757441,22.33333333,15.9
seq64,1,chr1,TAATTTCTACTCTTGTAGATGAGTTTTTCTCTGCCTGTGTG,GGAATTTGGAGTTTTTCTCTGCCTGTGTGAAGCTCCCA,GGAATTTGGAGTTTTTCTCTGCCTGTGTGAAGCT,0.157655001,0.146396408,0.333333333,1.766666667
seq65,2,chr1,TAATTTCTACTCTTGTAGATGAAGTGTTCTGCTTGTTTCCC,ACTTTTTAGAAGTGTTCTGCTTGTTTCCCACACCATTC,ACTTTTTAGAAGTGTTCTGCTTGTTTCCCACACC,0.049267199,0.048092015,4.266666667,57.33333333
seq66,3,chr1,TAATTTCTACTCTTGTAGATAGCAGAGTGTTGGGTGGTCTC,ggactttcagcagagtgttgggtggtctcattttgctc,ggactttcagcagagtgttgggtggtctcatttt,0.089550374,0.08576511,4.1,42.1
seq67,4,chr1,TAATTTCTACTCTTGTAGATAGTAGGTCAGCATTGTGTGCT,GACTTTTGAGTAGGTCAGCATTGTGTGCTTGCTGCTAG,GACTTTTGAGTAGGTCAGCATTGTGTGCTTGCTG,0.178810822,0.164506152,39.46666667,92.63333333
seq68,5,chr1,TAATTTCTACTCTTGTAGATTAACAGTGGTGGTGAGGCTGA,CATTTTTATAACAGTGGTGGTGAGGCTgaggggagctg,CATTTTTATAACAGTGGTGGTGAGGCTgagggga,0.060859457,0.059079388,4.333333333,74.8
seq69,6,chr1,TAATTTCTACTCTTGTAGATTTAAAATTATGGCAGTGTTTC,GCACTTTATTAAAATTATGGCAGTGTTTCTAGTATGAC,GCACTTTATTAAAATTATGGCAGTGTTTCTAGTA,0.024633599,0.024335085,0.166666667,21.66666667
seq70,7,chr1,TAATTTCTACTCTTGTAGATTAAAACCGTGAGCTTACCCAG,CTGCTTTCTAAAACCGTGAGCTTACCCAGGAGGAGTCG,CTGCTTTCTAAAACCGTGAGCTTACCCAGGAGGA,0.583091708,0.459379712,1.9,19.5
seq71,8,chr1,TAATTTCTACTCTTGTAGATAAACGAATGTACGAGCGATTT,TATGTTTAAAACGAATGTACGAGCGATTTGCATTACAT,TATGTTTAAAACGAATGTACGAGCGATTTGCATT,0.058540987,0.056891533,48.9,98.26666667
seq72,9,chr1,TAATTTCTACTCTTGTAGATAAAAATAAGCTAGTTGTCCTA,AGTATTTGAAAAATAAGCTAGTTGTCCTAAAGTGTGTT,AGTATTTGAAAAATAAGCTAGTTGTCCTAAAGTG,0.152438819,0.141880409,0.233333333,83.13333333
seq73,10,chr1,TAATTTCTACTCTTGTAGATACAATCAACAAGTATCTTTAA,TACTTTTCACAATCAACAAGTATCTTTAAAAATCTTGA,TACTTTTCACAATCAACAAGTATCTTTAAAAATC,0.039993353,0.039214322,28.5,97.73333333
seq74,11,chr1,TAATTTCTACTCTTGTAGATAATAATCAAAACTAGGCTCAA,gaattttaaataatcaaaactaggctcaaacacatctt,gaattttaaataatcaaaactaggctcaaacaca,0.00985344,0.009805212,51.45,98.5
seq75,12,chr1,TAATTTCTACTCTTGTAGATCAGATTAAAAAAAAGCCTTAA,tcactttgcagattaaaaaaaagccttaagaggttgag,tcactttgcagattaaaaaaaagccttaagaggt,0.066510752,0.06439234,5.133333333,72.06666667
seq76,A-content TPCN2 gene 0,chr11,TAATTTCTACTCTTGTAGATTCTTGGTTTTCTTCTCCCTCT,tttttttgtcttggttttcttctccctctctcttgtcc,tttttttgtcttggttttcttctccctctctctt,0.048977393,0.047815778,1.366666667,1.533333333
seq77,1,chr11,TAATTTCTACTCTTGTAGATTATTGTGGTGGCTGGTGTCGT,CTATTTTGTATTGTGGTGGCTGGTGTCGTCTGTCATCT,CTATTTTGTATTGTGGTGGCTGGTGTCGTCTGTC,0.112445116,0.1065604,5.3,36.83333333
seq78,2,chr11,TAATTTCTACTCTTGTAGATCAAGTCCTGTGGTTGGTCTCT,CTGGTTTGCAAGTCCTGTGGTTGGTCTCTTGCCAACGG,CTGGTTTGCAAGTCCTGTGGTTGGTCTCTTGCCA,0.24256873,0.217180794,60.46666667,97.53333333
seq79,3,chr11,TAATTTCTACTCTTGTAGATTCCTCAGCACAGGGCCCGGCG,agagtttgtcctcagcacagggcccggcGGGCTGGTGT,agagtttgtcctcagcacagggcccggcGGGCTG,0.162001915,0.150144306,43.03333333,87.06666667
seq80,4,chr11,TAATTTCTACTCTTGTAGATGAACGAGATCCTTGGGCTGTT,AGTGTTTGGAACGAGATCCTTGGGCTGTTGCAGGGTGA,AGTGTTTGGAACGAGATCCTTGGGCTGTTGCAGG,0.084623659,0.081233069,93.7,90.8
seq81,5,chr11,TAATTTCTACTCTTGTAGATAAATGAAGGCCCTGTGCTCTG,AGGCTTTGAAATGAAGGCCCTGTGCTCTGGTTTGCAAG,AGGCTTTGAAATGAAGGCCCTGTGCTCTGGTTTG,0.246915645,0.220673018,26.4,97.5
seq82,6,chr11,TAATTTCTACTCTTGTAGATCAGAAAAACCTTTGGCTGCTG,CCCATTTCCAGAAAAACCTTTGGCTGCTGGGCTACCTC,CCCATTTCCAGAAAAACCTTTGGCTGCTGGGCTA,0.163740825,0.151639666,0.933333333,62.73333333
seq83,7,chr11,TAATTTCTACTCTTGTAGATGAAGCACAAAGAGGTCCTTTC,TGGTTTTGGAAGCACAAAGAGGTCCTTTCTCGGCAGGC,TGGTTTTGGAAGCACAAAGAGGTCCTTTCTCGGC,0.144758852,0.135194005,98.36666667,97.96666667
seq84,8,chr11,TAATTTCTACTCTTGTAGATAATATTCACGCCATCAAACCT,GCAGTTTGAATATTCACGCCATCAAACCTCTGTTTGGG,GCAGTTTGAATATTCACGCCATCAAACCTCTGTT,0.097664933,0.093185135,16.96666667,67.86666667
seq85,9,chr11,TAATTTCTACTCTTGTAGATGATACAATACACATCATCATG,catgtttggatacaatacacatcatcatgcacatacac,catgtttggatacaatacacatcatcatgcacat,0.072161962,0.069677136,37.2,91.23333333
seq86,10,chr11,TAATTTCTACTCTTGTAGATAGTTTCAACAGAAATGAAAGC,TGGGTTTGAGTTTCAACAGAAATGAAAGCATGGAAAGA,TGGGTTTGAGTTTCAACAGAAATGAAAGCATGGA,0.133601118,0.125399395,15,94.16666667
seq87,11,chr11,TAATTTCTACTCTTGTAGATCAAACCAGCAACCAAAAAGCC,GAATTTTACAAACCAGCAACCAAAAAGCCAGGCGAAAG,GAATTTTACAAACCAGCAACCAAAAAGCCAGGCG,0.107228646,0.101860178,94.1,98.03333333
seq88,12,chr11,TAATTTCTACTCTTGTAGATAACAGAAATGAAAGCATGGAA,TGAGTTTCAACAGAAATGAAAGCATGGAAAGACCATGA,TGAGTTTCAACAGAAATGAAAGCATGGAAAGACC,0.130123411,0.12232684,78.05,88.13333333
seq89,HPRT1-A1,chrX,TAATTTCTACTCTTGTAGATCCAAATTAAGCTGCCTAATGT,CAGTTTTACCAAATTAAGCTGCCTAATGTTTTATATGC,CAGTTTTACCAAATTAAGCTGCCTAATGTTTTAT,0.034487002,0.033905653,5.433333333,95.16666667
seq90,HPRT1-C1,chrX,TAATTTCTACTCTTGTAGATCAGAATATATAAAGAAACATT,AATGTTTCCAGAATATATAAAGAAACATTATGATGTCA,AATGTTTCCAGAATATATAAAGAAACATTATGAT,0.034197252,0.033625524,5.566666667,98.33333333
